Name,Primer,Direction,Well
PB0001_M13F ,TCAGACGATGCGTCAT,F,A1
PB0002_M13F ,CTATACATGACTCTGC,F,A2
PB0003_M13F ,TACTAGAGTAGCACTC,F,A3
PB0004_M13F ,TGTGTATCAGTACATG,F,A4
PB0005_M13F ,ACACGCATGACACACT,F,A5
PB0006_M13F ,GATCTCTACTATATGC,F,A6
PB0007_M13F ,ACAGTCTATACTGCTG,F,A7
PB0008_M13F ,ATGATGTGCTACATCT,F,A8
PB0009_M13F ,CTGCGTGCTCTACGAC,F,A9
PB0010_M13F ,GCGCGATACGATGACT,F,A10
PB0011_M13F ,CGCGCTCAGCTGATCG,F,A11
PB0012_M13F ,GCGCACGCACTACAGA,F,A12
PB0013_M13F ,ACACTGACGTCGCGAC,F,D1
PB0014_M13F ,CGTCTATATACGTATA,F,D2
PB0015_M13F ,ATAGAGACTCAGAGCT,F,D3
PB0016_M13F ,TAGATGCGAGAGTAGA,F,D4
PB0017_M13F ,CATAGCGACTATCGTG,F,D5
PB0018_M13F ,CATCACTACGCTAGAT,F,D6
PB0019_M13F ,CGCATCTGTGCATGCA,F,D7
PB0020_M13F ,TATGTGATCGTCTCTC,F,D8
PB0021_M13F ,GTACACGCTGTGACTA,F,D9
PB0022_M13F ,CGTGTCGCGCATATCT,F,D10
PB0023_M13F ,ATATCAGTCATGCATA,F,D11
PB0024_M13F ,GAGATCGACAGTCTCG,F,D12
PB0025_M13F ,CACGCACACACGCGCG,F,G1
PB0026_M13F ,CGAGCACGCGCGTGTG,F,G2
PB0027_M13F ,GTAGTCTCGCACAGAT,F,G3
PB0028_M13F ,GAGACTCTGTGCGCGT,F,G4
PB0029_M13F ,GCTCGACTGTGAGAGA,F,G5
PB0030_M13F ,AGAGATGTGTGATGAC,F,G6
PB0031_M13F ,TACGACTACATATCAG,F,G7
PB0032_M13F ,TATCTCTGTAGAGTCT,F,G8
PB0033_M13F ,AGAGAGAGACATGCGC,F,G9
PB0034_M13F ,ACTCTCGCTCTGTAGA,F,G10
PB0035_M13F ,TCTATGTCTCAGTAGT,F,G11
PB0036_M13F ,GCGTATATCTCATGCG,F,G12
PB0360_M13R,ACACATATCGCACTAC,R,A1
PB0361_M13R,GAGAGCGCTGACTCTG,R,B1
PB0362_M13R,ACACGTGTGCTCTCTC,R,C1
PB0363_M13R,CGAGTGTGTCTATACT,R,D1
PB0364_M13R,GTGATGCATACGTACA,R,E1
PB0365_M13R,CTCGTGACGCTGACTG,R,F1
PB0366_M13R,TCTGTATCTCTATGTG,R,G1
PB0367_M13R,TGTGTCTCTGAGAGTA,R,H1
PB0368_M13R,TAGATCTATCATCGTC,R,A4
PB0369_M13R,ACATATACAGCGTATC,R,B4
PB0370_M13R,CGCTCATATGAGCTCA,R,C4
PB0371_M13R,GTCGCGCATAGAGCGC,R,D4
PB0372_M13R,TACACACTATGTGCGT,R,E4
PB0373_M13R,ATACGCGCGCGCATGC,R,F4
PB0374_M13R,GTGCGCGAGAGTATAC,R,G4
PB0375_M13R,GCGCTAGTGTGTACGA,R,H4
PB0376_M13R,GAGACACGTCGCACAC,R,A7
PB0377_M13R,ACAGAGTGTGCAGATA,R,
PB0378_M13R,TAGAGCGTCTCTCGTA,R,B7
PB0379_M13R,TCTATGAGCACTCTCG,R,C7
PB0380_M13R,ATGTGTATATAGATAT,R,D7
PB0381_M13R,CTCACACTCTCTCACA,R,E7
PB0382_M13R,TCAGCGCACTGTGCTG,R,F7
PB0383_M13R,GTGCATACATACATAT,R,G7
PB0384_M13R,CAGAGAGATATCTCTG,R,H7